id,age,bp,sg,al,su,rbc,pc,pcc,ba,bgr,bu,sc,sod,pot,hemo,pcv,wc,rc,htn,dm,cad,appet,pe,ane,classification
0,48.0,80.0,1.02,1.0,0.0,1,2,1,1,121.0,36.0,1.2,138.0,4.4,15.4,44.0,7800.0,5.2,2,2,1,0,1,1,0
1,7.0,50.0,1.02,4.0,0.0,1,2,1,1,121.0,18.0,0.8,138.0,4.4,11.3,38.0,6000.0,4.8,1,1,1,0,1,1,0
2,62.0,80.0,1.01,2.0,3.0,2,2,1,1,423.0,53.0,1.8,138.0,4.4,9.6,31.0,7500.0,4.8,1,2,1,2,1,2,0
3,48.0,70.0,1.005,4.0,0.0,2,0,2,1,117.0,56.0,3.8,111.0,2.5,11.2,32.0,6700.0,3.9,2,1,1,2,2,2,0
4,51.0,80.0,1.01,2.0,0.0,2,2,1,1,106.0,26.0,1.4,138.0,4.4,11.6,35.0,7300.0,4.6,1,1,1,0,1,1,0
5,60.0,90.0,1.015,3.0,0.0,1,1,1,1,74.0,25.0,1.1,142.0,3.2,12.2,39.0,7800.0,4.4,2,2,1,0,2,1,0
6,68.0,70.0,1.01,0.0,0.0,1,2,1,1,100.0,54.0,24.0,104.0,4.0,12.4,36.0,8000.0,4.8,1,1,1,0,1,1,0
7,24.0,80.0,1.015,2.0,4.0,2,0,1,1,410.0,31.0,1.1,138.0,4.4,12.4,44.0,6900.0,5.0,1,2,1,0,2,1,0
8,52.0,100.0,1.015,3.0,0.0,2,0,2,1,138.0,60.0,1.9,138.0,4.4,10.8,33.0,9600.0,4.0,2,2,1,0,1,2,0
9,53.0,90.0,1.02,2.0,0.0,0,0,2,1,70.0,107.0,7.2,114.0,3.7,9.5,29.0,12100.0,3.7,2,2,1,2,1,2,0
10,50.0,60.0,1.01,2.0,4.0,1,0,2,1,490.0,55.0,4.0,138.0,4.4,9.4,28.0,8000.0,4.8,2,2,1,0,1,2,0
11,63.0,70.0,1.01,3.0,0.0,0,0,2,1,380.0,60.0,2.7,131.0,4.2,10.8,32.0,4500.0,3.8,2,2,1,2,2,1,0
12,68.0,70.0,1.015,3.0,1.0,1,2,2,1,208.0,72.0,2.1,138.0,5.8,9.7,28.0,12200.0,3.4,2,2,2,2,2,1,0
13,68.0,70.0,1.02,0.0,0.0,1,1,1,1,98.0,86.0,4.6,135.0,3.4,9.8,40.0,8000.0,4.8,2,2,2,2,2,1,0
14,68.0,80.0,1.01,3.0,2.0,2,0,2,2,157.0,90.0,4.1,130.0,6.4,5.6,16.0,11000.0,2.6,2,2,2,2,2,1,0
15,40.0,80.0,1.015,3.0,0.0,1,2,1,1,76.0,162.0,9.6,141.0,4.9,7.6,24.0,3800.0,2.8,2,1,1,0,1,2,0
16,47.0,70.0,1.015,2.0,0.0,1,2,1,1,99.0,46.0,2.2,138.0,4.1,12.6,40.0,8000.0,4.8,1,1,1,0,1,1,0
17,47.0,80.0,1.02,0.0,0.0,1,1,1,1,114.0,87.0,5.2,139.0,3.7,12.1,40.0,8000.0,4.8,2,1,1,2,1,1,0
18,60.0,100.0,1.025,0.0,3.0,1,2,1,1,263.0,27.0,1.3,135.0,4.3,12.7,37.0,11400.0,4.3,2,2,2,0,1,1,0
19,62.0,60.0,1.015,1.0,0.0,1,0,2,1,100.0,31.0,1.6,138.0,4.4,10.3,30.0,5300.0,3.7,2,1,2,0,1,1,0
20,61.0,80.0,1.015,2.0,0.0,0,0,1,1,173.0,148.0,3.9,135.0,5.2,7.7,24.0,9200.0,3.2,2,2,2,2,2,2,0
21,60.0,90.0,1.02,0.0,0.0,1,1,1,1,121.0,180.0,76.0,4.5,4.4,10.9,32.0,6200.0,3.6,2,2,2,0,1,1,0
22,48.0,80.0,1.025,4.0,0.0,2,0,1,1,95.0,163.0,7.7,136.0,3.8,9.8,32.0,6900.0,3.4,2,1,1,0,1,2,0
23,21.0,70.0,1.01,0.0,0.0,1,2,1,1,121.0,42.0,1.3,138.0,4.4,12.65,40.0,8000.0,4.8,1,1,1,2,1,2,0
24,42.0,100.0,1.015,4.0,0.0,2,0,1,2,121.0,50.0,1.4,129.0,4.0,11.1,39.0,8300.0,4.6,2,1,1,2,1,1,0
25,61.0,60.0,1.025,0.0,0.0,1,2,1,1,108.0,75.0,1.9,141.0,5.2,9.9,29.0,8400.0,3.7,2,2,1,0,1,2,0
26,75.0,80.0,1.015,0.0,0.0,1,2,1,1,156.0,45.0,2.4,140.0,3.4,11.6,35.0,10300.0,4.0,2,2,1,2,1,1,0
27,69.0,70.0,1.01,3.0,4.0,2,0,1,1,264.0,87.0,2.7,130.0,4.0,12.5,37.0,9600.0,4.1,2,2,2,0,2,1,0
28,75.0,70.0,1.02,1.0,3.0,1,1,1,1,123.0,31.0,1.4,138.0,4.4,12.65,40.0,8000.0,4.8,1,2,1,0,1,1,0
29,68.0,70.0,1.005,1.0,0.0,0,0,2,1,121.0,28.0,1.4,138.0,4.4,12.9,38.0,8000.0,4.8,1,1,2,0,1,1,0
30,55.0,70.0,1.02,0.0,0.0,1,1,1,1,93.0,155.0,7.3,132.0,4.9,12.65,40.0,8000.0,4.8,2,2,1,0,1,1,0
31,73.0,90.0,1.015,3.0,0.0,1,0,2,1,107.0,33.0,1.5,141.0,4.6,10.1,30.0,7800.0,4.0,1,1,1,2,1,1,0
32,61.0,90.0,1.01,1.0,1.0,1,2,1,1,159.0,39.0,1.5,133.0,4.9,11.3,34.0,9600.0,4.0,2,2,1,2,1,1,0
33,60.0,100.0,1.02,2.0,0.0,0,0,1,1,140.0,55.0,2.5,138.0,4.4,10.1,29.0,8000.0,4.8,2,1,1,2,1,1,0
34,70.0,70.0,1.01,1.0,0.0,2,1,2,2,171.0,153.0,5.2,138.0,4.4,12.65,40.0,8000.0,4.8,1,2,1,2,1,1,0
35,65.0,90.0,1.02,2.0,1.0,0,2,1,1,270.0,39.0,2.0,138.0,4.4,12.0,36.0,9800.0,4.9,2,2,1,2,1,2,0
36,76.0,70.0,1.015,1.0,0.0,2,2,1,1,92.0,29.0,1.8,133.0,3.9,10.3,32.0,8000.0,4.8,2,1,1,0,1,1,0
37,72.0,80.0,1.02,0.0,0.0,1,1,1,1,137.0,65.0,3.4,141.0,4.7,9.7,28.0,6900.0,2.5,2,2,1,2,1,2,0
38,69.0,80.0,1.02,3.0,0.0,0,2,1,1,121.0,103.0,4.1,132.0,5.9,12.5,40.0,8000.0,4.8,2,1,1,0,1,1,0
39,82.0,80.0,1.01,2.0,2.0,2,1,1,1,140.0,70.0,3.4,136.0,4.2,13.0,40.0,9800.0,4.2,2,2,1,0,1,1,0
40,46.0,90.0,1.01,2.0,0.0,2,0,1,1,99.0,80.0,2.1,138.0,4.4,11.1,32.0,9100.0,4.1,2,1,1,0,1,1,0
41,45.0,70.0,1.01,0.0,0.0,1,2,1,1,121.0,20.0,0.7,138.0,4.4,12.65,40.0,8000.0,4.8,1,1,1,0,2,1,0
42,47.0,100.0,1.01,0.0,0.0,1,2,1,1,204.0,29.0,1.0,139.0,4.2,9.7,33.0,9200.0,4.5,2,1,1,0,1,2,0
43,35.0,80.0,1.01,1.0,0.0,0,1,1,1,79.0,202.0,10.8,134.0,3.4,7.9,24.0,7900.0,3.1,1,2,1,0,1,1,0
44,54.0,80.0,1.01,3.0,0.0,0,0,1,1,207.0,77.0,6.3,134.0,4.8,9.7,28.0,8000.0,4.8,2,2,1,2,2,1,0
45,54.0,80.0,1.02,3.0,0.0,1,0,1,1,208.0,89.0,5.9,130.0,4.9,9.3,40.0,8000.0,4.8,2,2,1,2,2,1,0
46,48.0,70.0,1.015,0.0,0.0,1,2,1,1,124.0,24.0,1.2,142.0,4.2,12.4,37.0,6400.0,4.7,1,2,1,0,1,1,0
47,11.0,80.0,1.01,3.0,0.0,1,2,1,1,121.0,17.0,0.8,138.0,4.4,15.0,45.0,8600.0,4.8,1,1,1,0,1,1,0
48,73.0,70.0,1.005,0.0,0.0,2,2,1,1,70.0,32.0,0.9,125.0,4.0,10.0,29.0,18900.0,3.5,2,2,1,0,2,1,0
49,60.0,70.0,1.01,2.0,0.0,2,0,2,1,144.0,72.0,3.0,138.0,4.4,9.7,29.0,21600.0,3.5,2,2,1,2,1,2,0
50,53.0,60.0,1.02,0.0,0.0,1,1,1,1,91.0,114.0,3.25,142.0,4.3,8.6,28.0,11000.0,3.8,2,2,1,2,2,2,0
51,54.0,100.0,1.015,3.0,0.0,1,2,2,1,162.0,66.0,1.6,136.0,4.4,10.3,33.0,8000.0,4.8,2,2,1,2,2,1,0
52,53.0,90.0,1.015,0.0,0.0,1,2,1,1,121.0,38.0,2.2,138.0,4.4,10.9,34.0,4300.0,3.7,1,1,1,2,1,2,0
53,62.0,80.0,1.015,0.0,5.0,1,1,1,1,246.0,24.0,1.0,138.0,4.4,13.6,40.0,8500.0,4.7,2,2,1,0,1,1,0
54,63.0,80.0,1.01,2.0,2.0,2,1,1,1,121.0,42.0,3.4,136.0,4.2,13.0,40.0,9800.0,4.2,2,1,2,0,1,1,0
55,35.0,80.0,1.005,3.0,0.0,0,2,1,1,121.0,42.0,1.3,138.0,4.4,9.5,28.0,8000.0,4.8,1,1,1,0,2,1,0
56,76.0,70.0,1.015,3.0,4.0,2,0,2,1,121.0,164.0,9.7,131.0,4.4,10.2,30.0,11300.0,3.4,2,2,2,2,2,1,0
57,76.0,90.0,1.02,0.0,0.0,1,2,1,1,93.0,155.0,7.3,132.0,4.9,12.65,40.0,8000.0,4.8,2,2,2,2,1,1,0
58,73.0,80.0,1.02,2.0,0.0,0,0,1,1,253.0,142.0,4.6,138.0,5.8,10.5,33.0,7200.0,4.3,2,2,2,0,1,1,0
59,59.0,100.0,1.02,0.0,0.0,1,1,1,1,121.0,96.0,6.4,138.0,4.4,6.6,40.0,8000.0,4.8,2,2,1,0,1,2,0
60,67.0,90.0,1.02,1.0,0.0,1,0,2,1,141.0,66.0,3.2,138.0,6.6,12.65,40.0,8000.0,4.8,2,1,1,0,1,1,0
61,67.0,80.0,1.01,1.0,3.0,2,0,1,1,182.0,391.0,32.0,163.0,39.0,12.65,40.0,8000.0,4.8,1,1,1,0,2,1,0
62,15.0,60.0,1.02,3.0,0.0,1,2,1,1,86.0,15.0,0.6,138.0,4.0,11.0,33.0,7700.0,3.8,2,2,1,0,1,1,0
63,46.0,70.0,1.015,1.0,0.0,0,2,1,1,150.0,111.0,6.1,131.0,3.7,7.5,27.0,8000.0,4.8,1,1,1,0,1,2,0
64,55.0,80.0,1.01,0.0,0.0,1,2,1,1,146.0,42.0,1.3,138.0,4.4,9.8,40.0,8000.0,4.8,1,1,1,0,1,1,0
65,44.0,90.0,1.01,1.0,0.0,1,2,1,1,121.0,20.0,1.1,138.0,4.4,15.0,48.0,8000.0,4.8,1,1,1,0,1,1,0
66,67.0,70.0,1.02,2.0,0.0,0,2,1,1,150.0,55.0,1.6,131.0,4.8,12.65,40.0,8000.0,4.8,2,2,1,0,2,1,0
67,45.0,80.0,1.02,3.0,0.0,2,0,1,1,425.0,42.0,1.3,138.0,4.4,12.65,40.0,8000.0,4.8,1,1,1,2,1,1,0
68,65.0,70.0,1.01,2.0,0.0,1,2,2,1,112.0,73.0,3.3,138.0,4.4,10.9,37.0,8000.0,4.8,1,1,1,0,1,1,0
69,26.0,70.0,1.015,0.0,4.0,1,2,1,1,250.0,20.0,1.1,138.0,4.4,15.6,52.0,6900.0,6.0,1,2,1,0,1,1,0
70,61.0,80.0,1.015,0.0,4.0,1,2,1,1,360.0,19.0,0.7,137.0,4.4,15.2,44.0,8300.0,5.2,2,2,1,0,1,1,0
71,46.0,60.0,1.01,1.0,0.0,2,2,1,1,163.0,92.0,3.3,141.0,4.0,9.8,28.0,14600.0,3.2,2,2,1,0,1,1,0
72,64.0,90.0,1.01,3.0,3.0,1,0,2,1,121.0,35.0,1.3,138.0,4.4,10.3,40.0,8000.0,4.8,2,2,1,0,2,1,0
73,55.0,100.0,1.015,2.0,0.0,0,0,1,1,129.0,107.0,6.7,132.0,4.4,4.8,14.0,6300.0,4.8,2,1,1,0,2,2,0
74,56.0,90.0,1.015,2.0,0.0,0,0,1,1,129.0,107.0,6.7,131.0,4.8,9.1,29.0,6400.0,3.4,2,1,1,0,1,1,0
75,5.0,80.0,1.015,1.0,0.0,1,2,1,1,121.0,16.0,0.7,138.0,3.2,8.1,40.0,8000.0,4.8,1,1,1,0,1,2,0
76,48.0,80.0,1.005,4.0,0.0,0,0,1,2,133.0,139.0,8.5,132.0,5.5,10.3,36.0,6200.0,4.0,1,2,1,0,2,1,0
77,67.0,70.0,1.01,1.0,0.0,1,2,1,1,102.0,48.0,3.2,137.0,5.0,11.9,34.0,7100.0,3.7,2,2,1,0,2,1,0
78,70.0,80.0,1.02,0.0,0.0,1,1,1,1,158.0,85.0,3.2,141.0,3.5,10.1,30.0,8000.0,4.8,2,1,1,0,2,1,0
79,56.0,80.0,1.01,1.0,0.0,1,2,1,1,165.0,55.0,1.8,138.0,4.4,13.5,40.0,11800.0,5.0,2,2,1,2,2,1,0
80,74.0,80.0,1.01,0.0,0.0,1,2,1,1,132.0,98.0,2.8,133.0,5.0,10.8,31.0,9400.0,3.8,2,2,1,0,1,1,0
81,45.0,90.0,1.02,0.0,0.0,1,1,1,1,360.0,45.0,2.4,128.0,4.4,8.3,29.0,5500.0,3.7,2,2,1,0,1,1,0
82,38.0,70.0,1.02,0.0,0.0,1,1,1,1,104.0,77.0,1.9,140.0,3.9,12.65,40.0,8000.0,4.8,2,1,1,2,2,1,0
83,48.0,70.0,1.015,1.0,0.0,2,2,1,1,127.0,19.0,1.0,134.0,3.6,12.65,40.0,8000.0,4.8,2,2,1,0,1,1,0
84,59.0,70.0,1.01,3.0,0.0,2,0,1,1,76.0,186.0,15.0,135.0,7.6,7.1,22.0,3800.0,2.1,2,1,1,2,2,2,0
85,70.0,70.0,1.015,2.0,0.0,1,1,1,1,121.0,46.0,1.5,138.0,4.4,9.9,40.0,8000.0,4.8,1,2,1,2,2,1,0
86,56.0,80.0,1.02,0.0,0.0,1,1,1,1,415.0,37.0,1.9,138.0,4.4,12.65,40.0,8000.0,4.8,1,2,1,0,1,1,0
87,70.0,100.0,1.005,1.0,0.0,2,0,2,1,169.0,47.0,2.9,138.0,4.4,11.1,32.0,5800.0,5.0,2,2,1,2,1,1,0
88,58.0,110.0,1.01,4.0,0.0,1,2,1,1,251.0,52.0,2.2,138.0,4.4,12.65,40.0,13200.0,4.7,2,2,1,0,1,1,0
89,50.0,70.0,1.02,0.0,0.0,1,2,1,1,109.0,32.0,1.4,139.0,4.7,12.65,40.0,8000.0,4.8,1,1,1,2,1,1,0
90,63.0,100.0,1.01,2.0,2.0,2,2,1,2,280.0,35.0,3.2,143.0,3.5,13.0,40.0,9800.0,4.2,2,1,2,0,1,1,0
91,56.0,70.0,1.015,4.0,1.0,0,2,1,1,210.0,26.0,1.7,136.0,3.8,16.1,52.0,12500.0,5.6,1,1,1,0,1,1,0
92,71.0,70.0,1.01,3.0,0.0,2,0,2,2,219.0,82.0,3.6,133.0,4.4,10.4,33.0,5600.0,3.6,2,2,2,0,1,1,0
93,73.0,100.0,1.01,3.0,2.0,0,0,2,1,295.0,90.0,5.6,140.0,2.9,9.2,30.0,7000.0,3.2,2,2,2,2,1,1,0
94,65.0,70.0,1.01,0.0,0.0,1,2,1,1,93.0,66.0,1.6,137.0,4.5,11.6,36.0,11900.0,3.9,1,2,1,0,1,1,0
95,62.0,90.0,1.015,1.0,0.0,1,2,1,1,94.0,25.0,1.1,131.0,3.7,12.65,40.0,8000.0,4.8,2,1,1,0,2,2,0
96,60.0,80.0,1.01,1.0,1.0,1,2,1,1,172.0,32.0,2.7,138.0,4.4,11.2,36.0,8000.0,4.8,1,2,2,2,1,1,0
97,65.0,60.0,1.015,1.0,0.0,1,2,1,1,91.0,51.0,2.2,132.0,3.8,10.0,32.0,9100.0,4.0,2,2,1,2,2,1,0
98,50.0,140.0,1.02,0.0,0.0,1,1,1,1,101.0,106.0,6.5,135.0,4.3,6.2,18.0,5800.0,2.3,2,2,1,2,1,2,0
99,56.0,180.0,1.02,0.0,4.0,1,0,1,1,298.0,24.0,1.2,139.0,3.9,11.2,32.0,10400.0,4.2,2,2,1,2,2,1,0
100,34.0,70.0,1.015,4.0,0.0,0,0,1,1,153.0,22.0,0.9,133.0,3.8,12.65,40.0,8000.0,4.8,1,1,1,0,2,1,0
101,71.0,90.0,1.015,2.0,0.0,1,0,2,2,88.0,80.0,4.4,139.0,5.7,11.3,33.0,10700.0,3.9,1,1,1,0,1,1,0
102,17.0,60.0,1.01,0.0,0.0,1,2,1,1,92.0,32.0,2.1,141.0,4.2,13.9,52.0,7000.0,4.8,1,1,1,0,1,1,0
103,76.0,70.0,1.015,2.0,0.0,2,0,2,1,226.0,217.0,10.2,138.0,4.4,10.2,36.0,12700.0,4.2,2,1,1,2,2,2,0
104,55.0,90.0,1.02,0.0,0.0,1,1,1,1,143.0,88.0,2.0,138.0,4.4,12.65,40.0,8000.0,4.8,2,2,1,2,2,1,0
105,65.0,80.0,1.015,0.0,0.0,1,2,1,1,115.0,32.0,11.5,139.0,4.0,14.1,42.0,6800.0,5.2,1,1,1,0,1,1,0
106,50.0,90.0,1.02,0.0,0.0,1,1,1,1,89.0,118.0,6.1,127.0,4.4,6.0,17.0,6500.0,4.8,2,2,1,0,2,2,0
107,55.0,100.0,1.015,1.0,4.0,2,1,1,1,297.0,53.0,2.8,139.0,4.5,11.2,34.0,13600.0,4.4,2,2,1,0,1,1,0
108,45.0,80.0,1.015,0.0,0.0,1,0,1,1,107.0,15.0,1.0,141.0,4.2,11.8,37.0,10200.0,4.2,1,1,1,0,1,1,0
109,54.0,70.0,1.02,0.0,0.0,1,1,1,1,233.0,50.1,1.9,138.0,4.4,11.7,40.0,8000.0,4.8,1,2,1,0,1,1,0
110,63.0,90.0,1.015,0.0,0.0,1,2,1,1,123.0,19.0,2.0,142.0,3.8,11.7,34.0,11400.0,4.7,1,1,1,0,1,1,0
111,65.0,80.0,1.01,3.0,3.0,1,2,1,1,294.0,71.0,4.4,128.0,5.4,10.0,32.0,9000.0,3.9,2,2,2,0,1,1,0
112,55.0,60.0,1.015,3.0,0.0,0,0,1,1,121.0,34.0,1.2,138.0,4.4,10.8,33.0,8000.0,4.8,1,1,1,0,1,1,0
113,61.0,90.0,1.015,0.0,2.0,1,2,1,1,121.0,42.0,1.3,138.0,4.4,12.65,40.0,9800.0,4.8,1,2,1,2,1,2,0
114,12.0,60.0,1.015,3.0,0.0,0,0,2,1,121.0,51.0,1.8,138.0,4.4,12.1,40.0,10300.0,4.8,1,1,1,0,1,1,0
115,47.0,80.0,1.01,0.0,0.0,1,0,1,1,121.0,28.0,0.9,138.0,4.4,12.4,44.0,5600.0,4.3,1,1,1,0,1,2,0
116,55.0,70.0,1.015,4.0,0.0,0,2,1,1,104.0,16.0,0.5,138.0,4.4,12.65,40.0,8000.0,4.8,1,1,1,0,2,1,0
117,55.0,70.0,1.02,0.0,0.0,1,1,1,1,219.0,36.0,1.3,139.0,3.7,12.5,37.0,9800.0,4.4,1,1,1,0,1,1,0
118,55.0,70.0,1.01,3.0,0.0,1,2,1,1,99.0,25.0,1.2,138.0,4.4,11.4,40.0,8000.0,4.8,1,1,1,2,2,1,0
119,60.0,70.0,1.01,0.0,0.0,1,2,1,1,140.0,27.0,1.2,138.0,4.4,12.65,40.0,8000.0,4.8,1,1,1,0,1,1,0
120,72.0,90.0,1.025,1.0,3.0,1,2,1,1,323.0,40.0,2.2,137.0,5.3,12.6,40.0,8000.0,4.8,1,2,2,2,1,1,0
121,54.0,60.0,1.02,3.0,0.0,1,1,1,1,125.0,21.0,1.3,137.0,3.4,15.0,46.0,8000.0,4.8,2,2,1,0,2,1,0
122,34.0,70.0,1.02,0.0,0.0,1,1,1,1,121.0,219.0,12.2,130.0,3.8,6.0,40.0,8000.0,4.8,2,1,1,0,1,2,0
123,43.0,80.0,1.015,2.0,3.0,1,0,2,2,121.0,30.0,1.1,138.0,4.4,14.0,42.0,14900.0,4.8,1,1,1,0,1,1,0
124,65.0,100.0,1.015,0.0,0.0,1,2,1,1,90.0,98.0,2.5,138.0,4.4,9.1,28.0,5500.0,3.6,2,1,1,0,1,1,0
125,72.0,90.0,1.02,0.0,0.0,1,1,1,1,308.0,36.0,2.5,131.0,4.3,12.65,40.0,8000.0,4.8,2,2,1,2,1,1,0
126,70.0,90.0,1.015,0.0,0.0,1,2,1,1,144.0,125.0,4.0,136.0,4.6,12.0,37.0,8200.0,4.5,2,2,1,2,2,1,0
127,71.0,60.0,1.015,4.0,0.0,2,2,1,1,118.0,125.0,5.3,136.0,4.9,11.4,35.0,15200.0,4.3,2,2,1,2,2,1,0
128,52.0,90.0,1.015,4.0,3.0,2,0,1,1,224.0,166.0,5.6,133.0,47.0,8.1,23.0,5000.0,2.9,2,2,1,0,1,2,0
129,75.0,70.0,1.025,1.0,0.0,1,2,1,1,158.0,49.0,1.4,135.0,4.7,11.1,40.0,8000.0,4.8,2,1,1,2,2,1,0
130,50.0,90.0,1.01,2.0,0.0,2,0,2,2,128.0,208.0,9.2,134.0,4.8,8.2,22.0,16300.0,2.7,1,1,1,2,2,2,0
131,5.0,50.0,1.01,0.0,0.0,1,2,1,1,121.0,25.0,0.6,138.0,4.4,11.8,36.0,12400.0,4.8,1,1,1,0,1,1,0
132,50.0,80.0,1.02,0.0,0.0,2,1,1,1,219.0,176.0,13.8,136.0,4.5,8.6,24.0,13200.0,2.7,2,1,1,0,2,2,0
133,70.0,100.0,1.015,4.0,0.0,2,2,1,1,118.0,125.0,5.3,136.0,4.9,12.0,37.0,8400.0,8.0,2,1,1,0,1,1,0
134,47.0,100.0,1.01,0.0,0.0,2,1,1,1,122.0,42.0,16.9,138.0,5.2,10.8,33.0,10200.0,3.8,1,2,1,0,1,1,0
135,48.0,80.0,1.015,0.0,2.0,1,2,1,1,214.0,24.0,1.3,140.0,4.0,13.2,39.0,8000.0,4.8,1,2,1,2,1,1,0
136,46.0,90.0,1.02,0.0,0.0,1,2,1,1,213.0,68.0,2.8,146.0,6.3,9.3,40.0,8000.0,4.8,2,2,1,0,1,1,0
137,45.0,60.0,1.01,2.0,0.0,2,0,2,1,268.0,86.0,4.0,134.0,5.1,10.0,29.0,9200.0,4.8,2,2,1,0,1,1,0
138,73.0,80.0,1.01,1.0,0.0,1,1,1,1,95.0,51.0,1.6,142.0,3.5,12.65,40.0,8000.0,4.8,1,1,1,0,1,1,0
139,41.0,70.0,1.015,2.0,0.0,1,0,1,2,121.0,68.0,2.8,132.0,4.1,11.1,33.0,8000.0,4.8,2,1,1,0,2,2,0
140,69.0,70.0,1.01,0.0,4.0,1,2,1,1,256.0,40.0,1.2,142.0,5.6,12.65,40.0,8000.0,4.8,1,1,1,0,1,1,0
141,67.0,70.0,1.01,1.0,0.0,2,2,1,1,121.0,106.0,6.0,137.0,4.9,6.1,19.0,6500.0,4.8,2,1,1,0,1,2,0
142,72.0,90.0,1.02,0.0,0.0,1,1,1,1,84.0,145.0,7.1,135.0,5.3,12.65,40.0,8000.0,4.8,1,2,1,0,1,1,0
143,41.0,80.0,1.015,1.0,4.0,0,2,1,1,210.0,165.0,18.0,135.0,4.7,12.65,40.0,8000.0,4.8,1,2,1,0,1,1,0
144,60.0,90.0,1.01,2.0,0.0,0,2,1,1,105.0,53.0,2.3,136.0,5.2,11.1,33.0,10500.0,4.1,1,1,1,0,1,1,0
145,57.0,90.0,1.015,5.0,0.0,0,0,1,2,121.0,322.0,13.0,126.0,4.8,8.0,24.0,4200.0,3.3,2,2,2,2,2,2,0
146,53.0,100.0,1.01,1.0,3.0,0,2,1,1,213.0,23.0,1.0,139.0,4.0,12.65,40.0,8000.0,4.8,1,2,1,0,1,1,0
147,60.0,60.0,1.01,3.0,1.0,2,0,2,1,288.0,36.0,1.7,130.0,3.0,7.9,25.0,15200.0,3.0,2,1,1,2,1,2,0
148,69.0,60.0,1.02,0.0,0.0,1,1,1,1,171.0,26.0,48.1,138.0,4.4,12.65,40.0,8000.0,4.8,2,1,1,2,1,1,0
149,65.0,70.0,1.02,1.0,0.0,0,0,1,1,139.0,29.0,1.0,138.0,4.4,10.5,32.0,8000.0,4.8,2,1,1,0,2,1,0
150,8.0,60.0,1.025,3.0,0.0,2,2,1,1,78.0,27.0,0.9,138.0,4.4,12.3,41.0,6700.0,4.8,1,1,1,2,2,1,0
151,76.0,90.0,1.02,0.0,0.0,1,1,1,1,172.0,46.0,1.7,141.0,5.5,9.6,30.0,8000.0,4.8,2,2,1,0,1,2,0
152,39.0,70.0,1.01,0.0,0.0,1,2,1,1,121.0,20.0,0.8,133.0,3.5,10.9,32.0,8000.0,4.8,1,2,1,0,1,1,0
153,55.0,90.0,1.01,2.0,1.0,0,0,1,1,273.0,235.0,14.2,132.0,3.4,8.3,22.0,14600.0,2.9,2,2,1,2,2,2,0
154,56.0,90.0,1.005,4.0,3.0,0,0,1,1,242.0,132.0,16.4,140.0,4.2,8.4,26.0,8000.0,3.0,2,2,1,2,2,2,0
155,50.0,70.0,1.02,3.0,0.0,0,2,2,2,123.0,40.0,1.8,138.0,4.4,11.1,36.0,4700.0,4.8,1,1,1,0,1,1,0
156,66.0,90.0,1.015,2.0,0.0,1,2,1,2,153.0,76.0,3.3,138.0,4.4,12.65,40.0,8000.0,4.8,1,1,1,2,1,1,0
157,62.0,70.0,1.025,3.0,0.0,2,0,1,1,122.0,42.0,1.7,136.0,4.7,12.6,39.0,7900.0,3.9,2,2,1,0,1,1,0
158,71.0,60.0,1.02,3.0,2.0,2,2,2,1,424.0,48.0,1.5,132.0,4.0,10.9,31.0,8000.0,4.8,2,2,2,0,1,1,0
159,59.0,80.0,1.01,1.0,0.0,0,2,1,1,303.0,35.0,1.3,122.0,3.5,10.4,35.0,10900.0,4.3,1,2,1,2,1,1,0
160,81.0,60.0,1.02,0.0,0.0,1,1,1,1,148.0,39.0,2.1,147.0,4.2,10.9,35.0,9400.0,2.4,2,2,2,2,2,1,0
161,62.0,80.0,1.015,3.0,0.0,0,1,1,1,121.0,42.0,1.3,138.0,4.4,14.3,42.0,10200.0,4.8,2,2,1,0,1,1,0
162,59.0,70.0,1.02,0.0,0.0,1,1,1,1,204.0,34.0,1.5,124.0,4.1,9.8,37.0,6000.0,4.8,1,2,1,0,1,1,0
163,46.0,80.0,1.01,0.0,0.0,1,2,1,1,160.0,40.0,2.0,140.0,4.1,9.0,27.0,8100.0,3.2,2,1,1,2,1,2,0
164,14.0,80.0,1.015,0.0,0.0,1,1,1,1,192.0,15.0,0.8,137.0,4.2,14.3,40.0,9500.0,5.4,1,2,1,2,2,1,0
165,60.0,80.0,1.02,0.0,2.0,1,1,1,1,121.0,42.0,1.3,138.0,4.4,12.65,40.0,8000.0,4.8,1,2,1,0,1,1,0
166,27.0,60.0,1.02,0.0,0.0,1,1,1,1,76.0,44.0,3.9,127.0,4.3,12.65,40.0,8000.0,4.8,1,1,1,2,2,2,0
167,34.0,70.0,1.02,0.0,0.0,0,2,1,1,139.0,19.0,0.9,138.0,4.4,12.7,42.0,2200.0,4.8,1,1,1,2,1,1,0
168,65.0,70.0,1.015,4.0,4.0,1,2,2,1,307.0,28.0,1.5,138.0,4.4,11.0,39.0,6700.0,4.8,2,2,1,0,1,1,0
169,55.0,70.0,1.01,0.0,2.0,1,2,1,1,220.0,68.0,2.8,138.0,4.4,8.7,27.0,8000.0,4.8,2,2,1,0,1,2,0
170,66.0,70.0,1.015,2.0,5.0,1,2,1,1,447.0,41.0,1.7,131.0,3.9,12.5,33.0,9600.0,4.4,2,2,1,0,1,1,0
171,83.0,70.0,1.02,3.0,0.0,2,2,1,1,102.0,60.0,2.6,115.0,5.7,8.7,26.0,12800.0,3.1,2,1,1,2,1,2,0
172,62.0,80.0,1.01,1.0,2.0,1,1,1,1,309.0,113.0,2.9,130.0,2.5,10.6,34.0,12800.0,4.9,1,1,1,0,1,1,0
173,17.0,70.0,1.015,1.0,0.0,0,2,1,1,22.0,1.5,7.3,145.0,2.8,13.1,41.0,11200.0,4.8,1,1,1,0,1,1,0
174,54.0,70.0,1.02,0.0,0.0,1,1,1,1,111.0,146.0,7.5,141.0,4.7,11.0,35.0,8600.0,4.6,1,1,1,0,1,1,0
175,60.0,50.0,1.01,0.0,0.0,1,2,1,1,261.0,58.0,2.2,113.0,3.0,12.65,40.0,4200.0,3.4,2,1,1,0,1,1,0
176,21.0,90.0,1.01,4.0,0.0,2,0,2,2,107.0,40.0,1.7,125.0,3.5,8.3,23.0,12400.0,3.9,1,1,1,0,1,2,0
177,65.0,80.0,1.015,2.0,1.0,2,2,2,1,215.0,133.0,2.5,138.0,4.4,13.2,41.0,8000.0,4.8,1,2,1,0,1,1,0
178,42.0,90.0,1.02,2.0,0.0,0,0,2,1,93.0,153.0,2.7,139.0,4.3,9.8,34.0,9800.0,4.8,1,1,1,2,2,2,0
179,72.0,90.0,1.01,2.0,0.0,1,0,2,1,124.0,53.0,2.3,138.0,4.4,11.9,39.0,8000.0,4.8,1,1,1,0,1,1,0
180,73.0,90.0,1.01,1.0,4.0,0,0,2,1,234.0,56.0,1.9,138.0,4.4,10.3,28.0,8000.0,4.8,1,2,1,0,1,1,0
181,45.0,70.0,1.025,2.0,0.0,2,0,2,1,117.0,52.0,2.2,136.0,3.8,10.0,30.0,19100.0,3.7,1,1,1,0,1,1,0
182,61.0,80.0,1.02,0.0,0.0,1,2,1,1,131.0,23.0,0.8,140.0,4.1,11.3,35.0,8000.0,4.8,1,1,1,0,1,1,0
183,30.0,70.0,1.015,0.0,0.0,1,2,1,1,101.0,106.0,6.5,135.0,4.3,12.65,40.0,8000.0,4.8,1,1,1,2,1,1,0
184,54.0,60.0,1.015,3.0,2.0,1,0,1,1,352.0,137.0,3.3,133.0,4.5,11.3,31.0,5800.0,3.6,2,2,2,2,2,1,0
185,4.0,80.0,1.02,1.0,0.0,1,2,1,1,99.0,23.0,0.6,138.0,4.4,12.0,34.0,8000.0,4.8,1,1,1,0,1,1,0
186,8.0,50.0,1.02,4.0,0.0,2,2,1,1,121.0,46.0,1.0,135.0,3.8,12.65,40.0,8000.0,4.8,1,1,1,0,2,1,0
187,3.0,80.0,1.01,2.0,0.0,2,2,1,1,121.0,22.0,0.7,138.0,4.4,10.7,34.0,12300.0,4.8,1,1,1,0,1,1,0
188,8.0,80.0,1.02,0.0,0.0,1,1,1,1,80.0,66.0,2.5,142.0,3.6,12.2,38.0,8000.0,4.8,1,1,1,0,1,1,0
189,64.0,60.0,1.01,4.0,1.0,0,0,1,2,239.0,58.0,4.3,137.0,5.4,9.5,29.0,7500.0,3.4,2,2,1,2,2,1,0
190,6.0,60.0,1.01,4.0,0.0,0,0,1,2,94.0,67.0,1.0,135.0,4.9,9.9,30.0,16700.0,4.8,1,1,1,2,1,1,0
191,55.0,70.0,1.01,3.0,0.0,2,2,1,1,110.0,115.0,6.0,134.0,2.7,9.1,26.0,9200.0,3.4,2,2,1,2,1,1,0
192,46.0,110.0,1.015,0.0,0.0,1,2,1,1,130.0,16.0,0.9,138.0,4.4,12.65,40.0,8000.0,4.8,1,1,1,0,1,1,0
193,32.0,90.0,1.025,1.0,0.0,0,0,1,1,121.0,223.0,18.1,113.0,6.5,5.5,15.0,2600.0,2.8,2,2,1,2,2,2,0
194,80.0,70.0,1.01,2.0,0.0,1,0,1,1,121.0,49.0,1.2,138.0,4.4,12.65,40.0,8000.0,4.8,2,2,1,0,1,1,0
195,70.0,90.0,1.02,2.0,1.0,0,0,1,2,184.0,98.6,3.3,138.0,3.9,5.8,40.0,8000.0,4.8,2,2,2,2,1,1,0
196,49.0,100.0,1.01,3.0,0.0,0,0,1,1,129.0,158.0,11.8,122.0,3.2,8.1,24.0,9600.0,3.5,2,2,1,2,2,2,0
197,57.0,80.0,1.02,0.0,0.0,1,1,1,1,121.0,111.0,9.3,124.0,5.3,6.8,40.0,4300.0,3.0,2,2,1,0,1,2,0
198,59.0,100.0,1.02,4.0,2.0,2,2,1,1,252.0,40.0,3.2,137.0,4.7,11.2,30.0,26400.0,3.9,2,2,1,2,2,1,0
199,65.0,80.0,1.015,0.0,0.0,1,2,1,1,92.0,37.0,1.5,140.0,5.2,8.8,25.0,10700.0,3.2,2,1,2,0,2,1,0
200,90.0,90.0,1.025,1.0,0.0,1,2,1,1,139.0,89.0,3.0,140.0,4.1,12.0,37.0,7900.0,3.9,2,2,1,0,1,1,0
201,64.0,70.0,1.02,0.0,0.0,1,1,1,1,113.0,94.0,7.3,137.0,4.3,7.9,21.0,8000.0,4.8,2,2,2,0,2,2,0
202,78.0,60.0,1.02,0.0,0.0,1,1,1,1,114.0,74.0,2.9,135.0,5.9,8.0,24.0,8000.0,4.8,1,2,1,0,1,2,0
203,55.0,90.0,1.02,0.0,0.0,1,1,1,1,207.0,80.0,6.8,142.0,5.5,8.5,40.0,8000.0,4.8,2,2,1,0,1,2,0
204,65.0,90.0,1.01,4.0,2.0,2,2,1,1,172.0,82.0,13.5,145.0,6.3,8.8,31.0,8000.0,4.8,2,2,1,0,2,2,0
205,61.0,70.0,1.02,0.0,0.0,1,1,1,1,100.0,28.0,2.1,138.0,4.4,12.6,43.0,8000.0,4.8,2,2,1,0,1,1,0
206,60.0,70.0,1.01,1.0,0.0,1,2,1,1,109.0,96.0,3.9,135.0,4.0,13.8,41.0,8000.0,4.8,2,1,1,0,1,1,0
207,50.0,70.0,1.01,0.0,0.0,1,2,1,1,230.0,50.0,2.2,138.0,4.4,12.0,41.0,10400.0,4.6,2,2,1,0,1,1,0
208,67.0,80.0,1.02,0.0,0.0,1,1,1,1,341.0,37.0,1.5,138.0,4.4,12.3,41.0,6900.0,4.9,2,2,1,0,1,2,0
209,19.0,70.0,1.02,0.0,0.0,1,2,1,1,121.0,42.0,1.3,138.0,4.4,11.5,40.0,6900.0,4.8,1,1,1,0,1,1,0
210,59.0,100.0,1.015,4.0,2.0,2,2,1,1,255.0,132.0,12.8,135.0,5.7,7.3,20.0,9800.0,3.9,2,2,2,0,1,2,0
211,54.0,120.0,1.015,0.0,0.0,1,2,1,1,103.0,18.0,1.2,138.0,4.4,12.65,40.0,8000.0,4.8,1,1,1,0,1,1,0
212,40.0,70.0,1.015,3.0,4.0,2,2,1,1,253.0,150.0,11.9,132.0,5.6,10.9,31.0,8800.0,3.4,2,2,1,2,2,1,0
213,55.0,80.0,1.01,3.0,1.0,2,0,2,2,214.0,73.0,3.9,137.0,4.9,10.9,34.0,7400.0,3.7,2,2,1,0,2,1,0
214,68.0,80.0,1.015,0.0,0.0,1,0,1,1,171.0,30.0,1.0,138.0,4.4,13.7,43.0,4900.0,5.2,1,2,1,0,1,1,0
215,2.0,80.0,1.01,3.0,0.0,2,0,1,1,121.0,42.0,1.3,138.0,4.4,12.65,40.0,8000.0,4.8,1,1,1,0,2,1,0
216,64.0,70.0,1.01,0.0,0.0,1,2,1,1,107.0,15.0,1.3,138.0,4.4,12.8,38.0,8000.0,4.8,1,1,1,0,1,1,0
217,63.0,100.0,1.01,1.0,0.0,1,2,1,1,78.0,61.0,1.8,141.0,4.4,12.2,36.0,10500.0,4.3,1,2,1,0,1,1,0
218,33.0,90.0,1.015,0.0,0.0,1,2,1,1,92.0,19.0,0.8,138.0,4.4,11.8,34.0,7000.0,4.8,1,1,1,0,1,1,0
219,68.0,90.0,1.01,0.0,0.0,1,2,1,1,238.0,57.0,2.5,138.0,4.4,9.8,28.0,8000.0,3.3,2,2,1,2,1,1,0
220,36.0,80.0,1.01,0.0,0.0,1,2,1,1,103.0,42.0,1.3,138.0,4.4,11.9,36.0,8800.0,4.8,1,1,1,0,1,1,0
221,66.0,70.0,1.02,1.0,0.0,2,1,1,1,248.0,30.0,1.7,138.0,5.3,12.65,40.0,8000.0,4.8,2,2,1,0,1,1,0
222,74.0,60.0,1.02,0.0,0.0,1,1,1,1,108.0,68.0,1.8,138.0,4.4,12.65,40.0,8000.0,4.8,2,2,1,0,1,1,0
223,71.0,90.0,1.01,0.0,3.0,1,2,1,1,303.0,30.0,1.3,136.0,4.1,13.0,38.0,9200.0,4.6,2,2,1,0,1,1,0
224,34.0,60.0,1.02,0.0,0.0,1,2,1,1,117.0,28.0,2.2,138.0,3.8,12.65,40.0,8000.0,4.8,1,1,1,0,2,1,0
225,60.0,90.0,1.01,3.0,5.0,0,2,1,2,490.0,95.0,2.7,131.0,3.8,11.5,35.0,12000.0,4.5,2,2,1,0,1,1,0
226,64.0,100.0,1.015,4.0,2.0,0,0,1,2,163.0,54.0,7.2,140.0,4.6,7.9,26.0,7500.0,3.4,2,2,1,0,2,1,0
227,57.0,80.0,1.015,0.0,0.0,1,2,1,1,120.0,48.0,1.6,138.0,4.4,11.3,36.0,7200.0,3.8,2,2,1,0,1,1,0
228,60.0,70.0,1.02,0.0,0.0,1,1,1,1,124.0,52.0,2.5,138.0,4.4,12.65,40.0,8000.0,4.8,2,1,1,0,1,1,0
229,59.0,50.0,1.01,3.0,0.0,2,0,1,1,241.0,191.0,12.0,114.0,2.9,9.6,31.0,15700.0,3.8,1,2,1,0,2,1,0
230,65.0,60.0,1.01,2.0,0.0,2,0,2,1,192.0,17.0,1.7,130.0,4.3,12.65,40.0,9500.0,4.8,2,2,1,2,1,1,0
231,60.0,90.0,1.02,0.0,0.0,1,1,1,1,269.0,51.0,2.8,138.0,3.7,11.5,35.0,8000.0,4.8,2,2,2,0,2,1,0
232,50.0,90.0,1.015,1.0,0.0,0,0,1,1,121.0,42.0,1.3,138.0,4.4,12.65,40.0,8000.0,4.8,1,1,1,0,2,1,0
233,51.0,100.0,1.015,2.0,0.0,2,2,1,2,93.0,20.0,1.6,146.0,4.5,12.65,40.0,8000.0,4.8,1,1,1,2,1,1,0
234,37.0,100.0,1.01,0.0,0.0,0,2,1,1,121.0,19.0,1.3,138.0,4.4,15.0,44.0,4100.0,5.2,2,1,1,0,1,1,0
235,45.0,70.0,1.01,2.0,0.0,1,2,1,1,113.0,93.0,2.3,138.0,4.4,7.9,26.0,5700.0,4.8,1,1,2,0,1,2,0
236,65.0,80.0,1.02,0.0,0.0,1,1,1,1,74.0,66.0,2.0,136.0,5.4,9.1,25.0,8000.0,4.8,2,2,2,0,2,1,0
237,80.0,70.0,1.015,2.0,2.0,1,2,1,1,141.0,53.0,2.2,138.0,4.4,12.7,40.0,9600.0,4.8,2,2,1,2,2,1,0
238,72.0,100.0,1.02,0.0,0.0,1,1,1,1,201.0,241.0,13.4,127.0,4.8,9.4,28.0,8000.0,4.8,2,2,1,0,1,2,0
239,34.0,90.0,1.015,2.0,0.0,2,2,1,1,104.0,50.0,1.6,137.0,4.1,11.9,39.0,8000.0,4.8,1,1,1,0,1,1,0
240,65.0,70.0,1.015,1.0,0.0,1,2,1,1,203.0,46.0,1.4,138.0,4.4,11.4,36.0,5000.0,4.1,2,2,1,2,2,1,0
241,57.0,70.0,1.015,1.0,0.0,1,0,1,1,165.0,45.0,1.5,140.0,3.3,10.4,31.0,4200.0,3.9,1,1,1,0,1,1,0
242,69.0,70.0,1.01,4.0,3.0,2,0,2,2,214.0,96.0,6.3,120.0,3.9,9.4,28.0,11500.0,3.3,2,2,2,0,2,2,0
243,62.0,90.0,1.02,2.0,1.0,1,2,1,1,169.0,48.0,2.4,138.0,2.9,13.4,47.0,11000.0,6.1,2,1,1,0,1,1,0
244,64.0,90.0,1.015,3.0,2.0,1,0,2,1,463.0,64.0,2.8,135.0,4.1,12.2,40.0,9800.0,4.6,2,2,1,0,1,2,0
245,48.0,100.0,1.02,0.0,0.0,1,1,1,1,103.0,79.0,5.3,135.0,6.3,6.3,19.0,7200.0,2.6,2,1,2,2,1,1,0
246,48.0,110.0,1.015,3.0,0.0,0,2,2,1,106.0,215.0,15.2,120.0,5.7,8.6,26.0,5000.0,2.5,2,1,2,0,1,2,0
247,54.0,90.0,1.025,1.0,0.0,2,0,1,1,150.0,18.0,1.2,140.0,4.2,12.65,40.0,8000.0,4.8,1,1,1,2,2,2,0
248,59.0,70.0,1.01,1.0,3.0,0,0,1,1,424.0,55.0,1.7,138.0,4.5,12.6,37.0,10200.0,4.1,2,2,2,0,1,1,0
249,56.0,90.0,1.01,4.0,1.0,2,0,2,1,176.0,309.0,13.3,124.0,6.5,3.1,9.0,5400.0,2.1,2,2,1,2,2,2,0
250,40.0,80.0,1.025,0.0,0.0,2,2,1,1,140.0,10.0,1.2,135.0,5.0,15.0,48.0,10400.0,4.5,1,1,1,0,1,1,1
251,23.0,80.0,1.025,0.0,0.0,2,2,1,1,70.0,36.0,1.0,150.0,4.6,17.0,52.0,9800.0,5.0,1,1,1,0,1,1,1
252,45.0,80.0,1.025,0.0,0.0,2,2,1,1,82.0,49.0,0.6,147.0,4.4,15.9,46.0,9100.0,4.7,1,1,1,0,1,1,1
253,57.0,80.0,1.025,0.0,0.0,2,2,1,1,119.0,17.0,1.2,135.0,4.7,15.4,42.0,6200.0,6.2,1,1,1,0,1,1,1
254,51.0,60.0,1.025,0.0,0.0,2,2,1,1,99.0,38.0,0.8,135.0,3.7,13.0,49.0,8300.0,5.2,1,1,1,0,1,1,1
255,34.0,80.0,1.025,0.0,0.0,2,2,1,1,121.0,27.0,1.2,144.0,3.9,13.6,52.0,9200.0,6.3,1,1,1,0,1,1,1
256,60.0,80.0,1.025,0.0,0.0,2,2,1,1,131.0,10.0,0.5,146.0,5.0,14.5,41.0,10700.0,5.1,1,1,1,0,1,1,1
257,38.0,60.0,1.02,0.0,0.0,2,2,1,1,91.0,36.0,0.7,135.0,3.7,14.0,46.0,9100.0,5.8,1,1,1,0,1,1,1
258,42.0,80.0,1.02,0.0,0.0,2,2,1,1,98.0,20.0,0.5,140.0,3.5,13.9,44.0,8400.0,5.5,1,1,1,0,1,1,1
259,35.0,80.0,1.02,0.0,0.0,2,2,1,1,104.0,31.0,1.2,135.0,5.0,16.1,45.0,4300.0,5.2,1,1,1,0,1,1,1
260,30.0,80.0,1.02,0.0,0.0,2,2,1,1,131.0,38.0,1.0,147.0,3.8,14.1,45.0,9400.0,5.3,1,1,1,0,1,1,1
261,49.0,80.0,1.02,0.0,0.0,2,2,1,1,122.0,32.0,1.2,139.0,3.9,17.0,41.0,5600.0,4.9,1,1,1,0,1,1,1
262,55.0,80.0,1.02,0.0,0.0,2,2,1,1,118.0,18.0,0.9,135.0,3.6,15.5,43.0,7200.0,5.4,1,1,1,0,1,1,1
263,45.0,80.0,1.02,0.0,0.0,2,2,1,1,117.0,46.0,1.2,137.0,5.0,16.2,45.0,8600.0,5.2,1,1,1,0,1,1,1
264,42.0,80.0,1.02,0.0,0.0,2,2,1,1,132.0,24.0,0.7,140.0,4.1,14.4,50.0,5000.0,4.5,1,1,1,0,1,1,1
265,50.0,80.0,1.02,0.0,0.0,2,2,1,1,97.0,40.0,0.6,150.0,4.5,14.2,48.0,10500.0,5.0,1,1,1,0,1,1,1
266,55.0,80.0,1.02,0.0,0.0,2,2,1,1,133.0,17.0,1.2,135.0,4.8,13.2,41.0,6800.0,5.3,1,1,1,0,1,1,1
267,48.0,80.0,1.025,0.0,0.0,2,2,1,1,122.0,33.0,0.9,146.0,3.9,13.9,48.0,9500.0,4.8,1,1,1,0,1,1,1
268,55.0,80.0,1.02,0.0,0.0,1,1,1,1,100.0,49.0,1.0,140.0,5.0,16.3,53.0,8500.0,4.9,1,1,1,0,1,1,1
269,25.0,80.0,1.025,0.0,0.0,2,2,1,1,121.0,19.0,1.2,142.0,4.9,15.0,48.0,6900.0,5.3,1,1,1,0,1,1,1
270,23.0,80.0,1.025,0.0,0.0,2,2,1,1,111.0,34.0,1.1,145.0,4.0,14.3,41.0,7200.0,5.0,1,1,1,0,1,1,1
271,30.0,80.0,1.025,0.0,0.0,2,2,1,1,96.0,25.0,0.5,144.0,4.8,13.8,42.0,9000.0,4.5,1,1,1,0,1,1,1
272,56.0,80.0,1.025,0.0,0.0,2,2,1,1,139.0,15.0,1.2,135.0,5.0,14.8,42.0,5600.0,5.5,1,1,1,0,1,1,1
273,47.0,80.0,1.02,0.0,0.0,2,2,1,1,95.0,35.0,0.9,140.0,4.1,12.65,40.0,8000.0,4.8,1,1,1,0,1,1,1
274,19.0,80.0,1.02,0.0,0.0,2,2,1,1,107.0,23.0,0.7,141.0,4.2,14.4,44.0,8000.0,4.8,1,1,1,0,1,1,1
275,52.0,80.0,1.02,0.0,0.0,2,2,1,1,125.0,22.0,1.2,139.0,4.6,16.5,43.0,4700.0,4.6,1,1,1,0,1,1,1
276,20.0,60.0,1.025,0.0,0.0,2,2,1,1,121.0,42.0,1.3,137.0,4.7,14.0,41.0,4500.0,5.5,1,1,1,0,1,1,1
277,46.0,60.0,1.025,0.0,0.0,2,2,1,1,123.0,46.0,1.0,135.0,5.0,15.7,50.0,6300.0,4.8,1,1,1,0,1,1,1
278,48.0,60.0,1.02,0.0,0.0,2,2,1,1,112.0,44.0,1.2,142.0,4.9,14.5,44.0,9400.0,6.4,1,1,1,0,1,1,1
279,24.0,70.0,1.025,0.0,0.0,2,2,1,1,140.0,23.0,0.6,140.0,4.7,16.3,48.0,5800.0,5.6,1,1,1,0,1,1,1
280,47.0,80.0,1.02,0.0,0.0,1,1,1,1,93.0,33.0,0.9,144.0,4.5,13.3,52.0,8100.0,5.2,1,1,1,0,1,1,1
281,55.0,80.0,1.025,0.0,0.0,2,2,1,1,130.0,50.0,1.2,147.0,5.0,15.5,41.0,9100.0,6.0,1,1,1,0,1,1,1
282,20.0,70.0,1.02,0.0,0.0,2,2,1,1,123.0,44.0,1.0,135.0,3.8,14.6,44.0,5500.0,4.8,1,1,1,0,1,1,1
283,60.0,70.0,1.02,0.0,0.0,2,2,1,1,121.0,42.0,1.3,138.0,4.4,16.4,43.0,10800.0,5.7,1,1,1,0,1,1,1
284,33.0,80.0,1.025,0.0,0.0,2,2,1,1,100.0,37.0,1.2,142.0,4.0,16.9,52.0,6700.0,6.0,1,1,1,0,1,1,1
285,66.0,70.0,1.02,0.0,0.0,2,2,1,1,94.0,19.0,0.7,135.0,3.9,16.0,41.0,5300.0,5.9,1,1,1,0,1,1,1
286,71.0,70.0,1.02,0.0,0.0,2,2,1,1,81.0,18.0,0.8,145.0,5.0,14.7,44.0,9800.0,6.0,1,1,1,0,1,1,1
287,39.0,70.0,1.025,0.0,0.0,2,2,1,1,124.0,22.0,0.6,137.0,3.8,13.4,43.0,8000.0,4.8,1,1,1,0,1,1,1
288,56.0,70.0,1.025,0.0,0.0,2,2,1,1,70.0,46.0,1.2,135.0,4.9,15.9,50.0,11000.0,5.1,0,0,0,0,1,1,1
289,42.0,70.0,1.02,0.0,0.0,2,2,1,1,93.0,32.0,0.9,143.0,4.7,16.6,43.0,7100.0,5.3,1,1,1,0,1,1,1
290,54.0,70.0,1.02,0.0,0.0,1,1,0,0,76.0,28.0,0.6,146.0,3.5,14.8,52.0,8400.0,5.9,1,1,1,0,1,1,1
291,47.0,80.0,1.025,0.0,0.0,2,2,1,1,124.0,44.0,1.0,140.0,4.9,14.9,41.0,7000.0,5.7,1,1,1,0,1,1,1
292,30.0,80.0,1.02,0.0,0.0,2,2,1,1,89.0,42.0,0.5,139.0,5.0,16.7,52.0,10200.0,5.0,1,1,1,0,1,1,1
293,50.0,80.0,1.02,0.0,0.0,2,2,1,1,92.0,19.0,1.2,150.0,4.8,14.9,48.0,4700.0,5.4,1,1,1,0,1,1,1
294,75.0,60.0,1.02,0.0,0.0,2,2,1,1,110.0,50.0,0.7,135.0,5.0,14.3,40.0,8300.0,5.8,1,1,1,1,0,0,1
295,44.0,70.0,1.02,0.0,0.0,1,1,1,1,106.0,25.0,0.9,150.0,3.6,15.0,50.0,9600.0,6.5,1,1,1,0,1,1,1
296,41.0,70.0,1.02,0.0,0.0,2,2,1,1,125.0,38.0,0.6,140.0,5.0,16.8,41.0,6300.0,5.9,1,1,1,0,1,1,1
297,53.0,60.0,1.025,0.0,0.0,2,2,1,1,116.0,26.0,1.0,146.0,4.9,15.8,45.0,7700.0,5.2,0,0,0,0,1,1,1
298,34.0,60.0,1.02,0.0,0.0,2,2,1,1,91.0,49.0,1.2,135.0,4.5,13.5,48.0,8600.0,4.9,1,1,1,0,1,1,1
299,73.0,60.0,1.02,0.0,0.0,2,2,1,1,127.0,48.0,0.5,150.0,3.5,15.1,52.0,11000.0,4.7,1,1,1,0,1,1,1
300,45.0,60.0,1.02,0.0,0.0,2,2,0,0,114.0,26.0,0.7,141.0,4.2,15.0,43.0,9200.0,5.8,1,1,1,0,1,1,1
301,44.0,60.0,1.025,0.0,0.0,2,2,1,1,96.0,33.0,0.9,147.0,4.5,16.9,41.0,7200.0,5.0,1,1,1,0,1,1,1
302,29.0,70.0,1.02,0.0,0.0,2,2,1,1,127.0,44.0,1.2,145.0,5.0,14.8,48.0,8000.0,4.8,1,1,1,0,1,1,1
303,55.0,70.0,1.02,0.0,0.0,2,2,1,1,107.0,26.0,1.1,138.0,4.4,17.0,50.0,6700.0,6.1,1,1,1,0,1,1,1
304,33.0,80.0,1.025,0.0,0.0,2,2,1,1,128.0,38.0,0.6,135.0,3.9,13.1,45.0,6200.0,4.5,1,1,1,0,1,1,1
305,41.0,80.0,1.02,0.0,0.0,2,2,1,1,122.0,25.0,0.8,138.0,5.0,17.1,41.0,9100.0,5.2,1,1,1,0,1,1,1
306,52.0,80.0,1.02,0.0,0.0,2,2,1,1,128.0,30.0,1.2,140.0,4.5,15.2,52.0,4300.0,5.7,1,1,1,0,1,1,1
307,47.0,60.0,1.02,0.0,0.0,2,2,1,1,137.0,17.0,0.5,150.0,3.5,13.6,44.0,7900.0,4.5,1,1,1,0,1,1,1
308,43.0,80.0,1.025,0.0,0.0,2,2,1,1,81.0,46.0,0.6,135.0,4.9,13.9,48.0,6900.0,4.9,1,1,1,0,1,1,1
309,51.0,60.0,1.02,0.0,0.0,1,1,1,1,129.0,25.0,1.2,139.0,5.0,17.2,40.0,8100.0,5.9,1,1,1,0,1,1,1
310,46.0,60.0,1.02,0.0,0.0,2,2,1,1,102.0,27.0,0.7,142.0,4.9,13.2,44.0,11000.0,5.4,1,1,1,0,1,1,1
311,56.0,60.0,1.025,0.0,0.0,2,2,1,1,132.0,18.0,1.1,147.0,4.7,13.7,45.0,7500.0,5.6,1,1,1,0,1,1,1
312,80.0,70.0,1.02,0.0,0.0,2,2,1,1,121.0,42.0,1.3,135.0,4.1,15.3,48.0,6300.0,6.1,1,1,1,0,1,1,1
313,55.0,80.0,1.02,0.0,0.0,2,2,1,1,104.0,28.0,0.9,142.0,4.8,17.3,52.0,8200.0,4.8,1,1,1,0,1,1,1
314,39.0,70.0,1.025,0.0,0.0,2,2,1,1,131.0,46.0,0.6,145.0,5.0,15.6,41.0,9400.0,4.7,1,1,1,0,1,1,1
315,44.0,70.0,1.025,0.0,0.0,2,2,1,1,121.0,42.0,1.3,138.0,4.4,13.8,48.0,7800.0,4.4,1,1,1,0,1,1,1
316,35.0,80.0,1.02,0.0,0.0,2,2,0,0,99.0,30.0,0.5,135.0,4.9,15.4,48.0,5000.0,5.2,1,1,1,0,1,1,1
317,58.0,70.0,1.02,0.0,0.0,2,2,1,1,102.0,48.0,1.2,139.0,4.3,15.0,40.0,8100.0,4.9,1,1,1,0,1,1,1
318,61.0,70.0,1.025,0.0,0.0,2,2,1,1,120.0,29.0,0.7,137.0,3.5,17.4,52.0,7000.0,5.3,1,1,1,0,1,1,1
319,30.0,60.0,1.02,0.0,0.0,2,2,1,1,138.0,15.0,1.1,135.0,4.4,12.65,40.0,8000.0,4.8,1,1,1,0,1,1,1
320,57.0,60.0,1.02,0.0,0.0,2,2,1,1,105.0,49.0,1.2,150.0,4.7,15.7,44.0,10400.0,6.2,1,1,1,0,1,1,1
321,65.0,60.0,1.02,0.0,0.0,2,2,1,1,109.0,39.0,1.0,144.0,3.5,13.9,48.0,9600.0,4.8,1,1,1,0,1,1,1
322,70.0,60.0,1.02,0.0,0.0,1,1,1,1,120.0,40.0,0.5,140.0,4.6,16.0,43.0,4500.0,4.9,1,1,1,0,1,1,1
323,43.0,80.0,1.025,0.0,0.0,2,2,1,1,130.0,30.0,1.1,143.0,5.0,15.9,45.0,7800.0,4.5,1,1,1,0,1,1,1
324,40.0,80.0,1.02,0.0,0.0,2,2,1,1,119.0,15.0,0.7,150.0,4.9,12.65,40.0,8000.0,4.8,1,1,1,0,1,1,1
325,58.0,80.0,1.02,0.0,0.0,2,2,1,1,100.0,50.0,1.2,140.0,3.5,14.0,50.0,6700.0,6.5,1,1,1,0,1,1,1
326,47.0,60.0,1.02,0.0,0.0,2,2,1,1,109.0,25.0,1.1,141.0,4.7,15.8,41.0,8300.0,5.2,1,1,1,0,1,1,1
327,30.0,60.0,1.025,0.0,0.0,2,2,1,1,120.0,31.0,0.8,150.0,4.6,13.4,44.0,10700.0,5.8,1,1,1,0,1,1,1
328,28.0,70.0,1.02,0.0,0.0,2,2,0,0,131.0,29.0,0.6,145.0,4.9,12.65,45.0,8600.0,6.5,1,1,1,0,1,1,1
329,33.0,60.0,1.025,0.0,0.0,2,2,1,1,80.0,25.0,0.9,146.0,3.5,14.1,48.0,7800.0,5.1,1,1,1,0,1,1,1
330,43.0,80.0,1.02,0.0,0.0,2,2,1,1,114.0,32.0,1.1,135.0,3.9,12.65,42.0,8000.0,4.8,1,1,1,0,1,1,1
331,59.0,70.0,1.025,0.0,0.0,2,2,1,1,130.0,39.0,0.7,147.0,4.7,13.5,46.0,6700.0,4.5,1,1,1,0,1,1,1
332,34.0,70.0,1.025,0.0,0.0,2,2,1,1,121.0,33.0,1.0,150.0,5.0,15.3,44.0,10500.0,6.1,1,1,1,0,1,1,1
333,23.0,80.0,1.02,0.0,0.0,2,2,1,1,99.0,46.0,1.2,142.0,4.0,17.7,46.0,4300.0,5.5,1,1,1,0,1,1,1
334,24.0,80.0,1.025,0.0,0.0,2,2,1,1,125.0,42.0,1.3,136.0,3.5,15.4,43.0,5600.0,4.5,1,1,1,0,1,1,1
335,60.0,60.0,1.02,0.0,0.0,2,2,1,1,134.0,45.0,0.5,139.0,4.8,14.2,48.0,10700.0,5.6,1,1,1,0,1,1,1
336,25.0,60.0,1.02,0.0,0.0,2,2,1,1,119.0,27.0,0.5,138.0,4.4,15.2,40.0,9200.0,5.2,1,1,1,0,1,1,1
337,44.0,70.0,1.025,0.0,0.0,2,2,1,1,92.0,40.0,0.9,141.0,4.9,14.0,52.0,7500.0,6.2,1,1,1,0,1,1,1
338,62.0,80.0,1.02,0.0,0.0,2,2,1,1,132.0,34.0,0.8,147.0,3.5,17.8,44.0,4700.0,4.5,1,1,1,0,1,1,1
339,25.0,70.0,1.02,0.0,0.0,2,2,1,1,88.0,42.0,0.5,136.0,3.5,13.3,48.0,7000.0,4.9,1,1,1,0,1,1,1
340,32.0,70.0,1.025,0.0,0.0,2,2,1,1,100.0,29.0,1.1,142.0,4.5,14.3,43.0,6700.0,5.9,1,1,1,0,1,1,1
341,63.0,70.0,1.025,0.0,0.0,2,2,1,1,130.0,37.0,0.9,150.0,5.0,13.4,41.0,7300.0,4.7,1,1,1,0,1,1,1
342,44.0,60.0,1.02,0.0,0.0,2,2,1,1,95.0,46.0,0.5,138.0,4.2,15.0,50.0,7700.0,6.3,1,1,1,0,1,1,1
343,37.0,60.0,1.025,0.0,0.0,2,2,1,1,111.0,35.0,0.8,135.0,4.1,16.2,50.0,5500.0,5.7,1,1,1,0,1,1,1
344,64.0,60.0,1.02,0.0,0.0,2,2,1,1,106.0,27.0,0.7,150.0,3.3,14.4,42.0,8100.0,4.7,1,1,1,0,1,1,1
345,22.0,60.0,1.025,0.0,0.0,2,2,1,1,97.0,18.0,1.2,138.0,4.3,13.5,42.0,7900.0,6.4,1,1,1,0,1,1,1
346,33.0,60.0,1.02,0.0,0.0,2,2,1,1,130.0,41.0,0.9,141.0,4.4,15.5,52.0,4300.0,5.8,1,1,1,0,1,1,1
347,43.0,60.0,1.025,0.0,0.0,2,2,1,1,108.0,25.0,1.0,144.0,5.0,17.8,43.0,7200.0,5.5,1,1,1,0,1,1,1
348,38.0,80.0,1.02,0.0,0.0,2,2,1,1,99.0,19.0,0.5,147.0,3.5,13.6,44.0,7300.0,6.4,1,1,1,0,1,1,1
349,35.0,70.0,1.025,0.0,0.0,1,1,1,1,82.0,36.0,1.1,150.0,3.5,14.5,52.0,9400.0,6.1,1,1,1,0,1,1,1
350,65.0,70.0,1.025,0.0,0.0,1,1,1,1,85.0,20.0,1.0,142.0,4.8,16.1,43.0,9600.0,4.5,1,1,1,0,1,1,1
351,29.0,80.0,1.02,0.0,0.0,2,2,1,1,83.0,49.0,0.9,139.0,3.3,17.5,40.0,9900.0,4.7,1,1,1,0,1,1,1
352,37.0,60.0,1.02,0.0,0.0,2,2,1,1,109.0,47.0,1.1,141.0,4.9,15.0,48.0,7000.0,5.2,1,1,1,0,1,1,1
353,39.0,60.0,1.02,0.0,0.0,2,2,1,1,86.0,37.0,0.6,150.0,5.0,13.6,51.0,5800.0,4.5,1,1,1,0,1,1,1
354,32.0,60.0,1.025,0.0,0.0,2,2,1,1,102.0,17.0,0.4,147.0,4.7,14.6,41.0,6800.0,5.1,1,1,1,0,1,1,1
355,23.0,60.0,1.02,0.0,0.0,2,2,1,1,95.0,24.0,0.8,145.0,5.0,15.0,52.0,6300.0,4.6,1,1,1,0,1,1,1
356,34.0,70.0,1.025,0.0,0.0,2,2,1,1,87.0,38.0,0.5,144.0,4.8,17.1,47.0,7400.0,6.1,1,1,1,0,1,1,1
357,66.0,70.0,1.025,0.0,0.0,2,2,1,1,107.0,16.0,1.1,140.0,3.6,13.6,42.0,11000.0,4.9,1,1,1,0,1,1,1
358,47.0,60.0,1.02,0.0,0.0,2,2,1,1,117.0,22.0,1.2,138.0,3.5,13.0,45.0,5200.0,5.6,1,1,1,0,1,1,1
359,74.0,60.0,1.02,0.0,0.0,2,2,1,1,88.0,50.0,0.6,147.0,3.7,17.2,53.0,6000.0,4.5,1,1,1,0,1,1,1
360,35.0,60.0,1.025,0.0,0.0,2,2,1,1,105.0,39.0,0.5,135.0,3.9,14.7,43.0,5800.0,6.2,1,1,1,0,1,1,1
361,29.0,80.0,1.02,0.0,0.0,2,2,1,1,70.0,16.0,0.7,138.0,3.5,13.7,54.0,5400.0,5.8,1,1,1,0,1,1,1
362,33.0,80.0,1.025,0.0,0.0,2,2,1,1,89.0,19.0,1.1,144.0,5.0,15.0,40.0,10300.0,4.8,1,1,1,0,1,1,1
363,67.0,80.0,1.025,0.0,0.0,2,2,1,1,99.0,40.0,0.5,138.0,4.4,17.8,44.0,5900.0,5.2,1,1,1,0,1,1,1
364,73.0,80.0,1.025,0.0,0.0,2,2,1,1,118.0,44.0,0.7,137.0,3.5,14.8,45.0,9300.0,4.7,1,1,1,0,1,1,1
365,24.0,80.0,1.02,0.0,0.0,2,2,1,1,93.0,46.0,1.0,145.0,3.5,12.65,40.0,10700.0,6.3,1,1,1,0,1,1,1
366,60.0,80.0,1.025,0.0,0.0,2,2,1,1,81.0,15.0,0.5,141.0,3.6,15.0,46.0,10500.0,5.3,1,1,1,0,1,1,1
367,68.0,60.0,1.025,0.0,0.0,2,2,1,1,125.0,41.0,1.1,139.0,3.8,17.4,50.0,6700.0,6.1,1,1,1,0,1,1,1
368,30.0,80.0,1.025,0.0,0.0,2,2,1,1,82.0,42.0,0.7,146.0,5.0,14.9,45.0,9400.0,5.9,1,1,1,0,1,1,1
369,75.0,70.0,1.02,0.0,0.0,2,2,1,1,107.0,48.0,0.8,144.0,3.5,13.6,46.0,10300.0,4.8,1,1,1,0,1,1,1
370,69.0,70.0,1.02,0.0,0.0,2,2,1,1,83.0,42.0,1.2,139.0,3.7,16.2,50.0,9300.0,5.4,1,1,1,0,1,1,1
371,28.0,60.0,1.025,0.0,0.0,2,2,1,1,79.0,50.0,0.5,145.0,5.0,17.6,51.0,6500.0,5.0,1,1,1,0,1,1,1
372,72.0,60.0,1.02,0.0,0.0,2,2,1,1,109.0,26.0,0.9,150.0,4.9,15.0,52.0,10500.0,5.5,1,1,1,0,1,1,1
373,61.0,70.0,1.025,0.0,0.0,2,2,1,1,133.0,38.0,1.0,142.0,3.6,13.7,47.0,9200.0,4.9,1,1,1,0,1,1,1
374,79.0,80.0,1.025,0.0,0.0,2,2,1,1,111.0,44.0,1.2,146.0,3.6,16.3,40.0,8000.0,6.4,1,1,1,0,1,1,1
375,70.0,80.0,1.02,0.0,0.0,2,2,1,1,74.0,41.0,0.5,143.0,4.5,15.1,48.0,9700.0,5.6,1,1,1,0,1,1,1
376,58.0,70.0,1.025,0.0,0.0,2,2,1,1,88.0,16.0,1.1,147.0,3.5,16.4,53.0,9100.0,5.2,1,1,1,0,1,1,1
377,64.0,70.0,1.02,0.0,0.0,2,2,1,1,97.0,27.0,0.7,145.0,4.8,13.8,49.0,6400.0,4.8,1,1,1,0,1,1,1
378,71.0,60.0,1.025,0.0,0.0,2,2,1,1,121.0,42.0,0.9,140.0,4.8,15.2,42.0,7700.0,5.5,1,1,1,0,1,1,1
379,62.0,80.0,1.025,0.0,0.0,2,2,1,1,78.0,45.0,0.6,138.0,3.5,16.1,50.0,5400.0,5.7,1,1,1,0,1,1,1
380,59.0,60.0,1.02,0.0,0.0,2,2,1,1,113.0,23.0,1.1,139.0,3.5,15.3,54.0,6500.0,4.9,1,1,1,0,1,1,1
381,71.0,70.0,1.025,0.0,0.0,1,1,1,1,79.0,47.0,0.5,142.0,4.8,16.6,40.0,5800.0,5.9,1,1,1,0,1,1,1
382,48.0,80.0,1.025,0.0,0.0,2,2,1,1,75.0,22.0,0.8,137.0,5.0,16.8,51.0,6000.0,6.5,1,1,1,0,1,1,1
383,80.0,80.0,1.025,0.0,0.0,2,2,1,1,119.0,46.0,0.7,141.0,4.9,13.9,49.0,5100.0,5.0,1,1,1,0,1,1,1
384,57.0,60.0,1.02,0.0,0.0,2,2,1,1,132.0,18.0,1.1,150.0,4.7,15.4,42.0,11000.0,4.5,1,1,1,0,1,1,1
385,63.0,70.0,1.02,0.0,0.0,2,2,1,1,113.0,25.0,0.6,146.0,4.9,16.5,52.0,8000.0,5.1,1,1,1,0,1,1,1
386,46.0,70.0,1.025,0.0,0.0,2,2,1,1,100.0,47.0,0.5,142.0,3.5,16.4,43.0,5700.0,6.5,1,1,1,0,1,1,1
387,15.0,80.0,1.025,0.0,0.0,2,2,1,1,93.0,17.0,0.9,136.0,3.9,16.7,50.0,6200.0,5.2,1,1,1,0,1,1,1
388,51.0,80.0,1.02,0.0,0.0,2,2,1,1,94.0,15.0,1.2,144.0,3.7,15.5,46.0,9500.0,6.4,1,1,1,0,1,1,1
389,41.0,80.0,1.025,0.0,0.0,2,2,1,1,112.0,48.0,0.7,140.0,5.0,17.0,52.0,7200.0,5.8,1,1,1,0,1,1,1
390,52.0,80.0,1.025,0.0,0.0,2,2,1,1,99.0,25.0,0.8,135.0,3.7,15.0,52.0,6300.0,5.3,1,1,1,0,1,1,1
391,36.0,80.0,1.025,0.0,0.0,2,2,1,1,85.0,16.0,1.1,142.0,4.1,15.6,44.0,5800.0,6.3,1,1,1,0,1,1,1
392,57.0,80.0,1.02,0.0,0.0,2,2,1,1,133.0,48.0,1.2,147.0,4.3,14.8,46.0,6600.0,5.5,1,1,1,0,1,1,1
393,43.0,60.0,1.025,0.0,0.0,2,2,1,1,117.0,45.0,0.7,141.0,4.4,13.0,54.0,7400.0,5.4,1,1,1,0,1,1,1
394,50.0,80.0,1.02,0.0,0.0,2,2,1,1,137.0,46.0,0.8,139.0,5.0,14.1,45.0,9500.0,4.6,1,1,1,0,1,1,1
395,55.0,80.0,1.02,0.0,0.0,2,2,1,1,140.0,49.0,0.5,150.0,4.9,15.7,47.0,6700.0,4.9,1,1,1,0,1,1,1
396,42.0,70.0,1.025,0.0,0.0,2,2,1,1,75.0,31.0,1.2,141.0,3.5,16.5,54.0,7800.0,6.2,1,1,1,0,1,1,1
397,12.0,80.0,1.02,0.0,0.0,2,2,1,1,100.0,26.0,0.6,137.0,4.4,15.8,49.0,6600.0,5.4,1,1,1,0,1,1,1
398,17.0,60.0,1.025,0.0,0.0,2,2,1,1,114.0,50.0,1.0,135.0,4.9,14.2,51.0,7200.0,5.9,1,1,1,0,1,1,1
399,58.0,80.0,1.025,0.0,0.0,2,2,1,1,131.0,18.0,1.1,141.0,3.5,15.8,53.0,6800.0,6.1,1,1,1,0,1,1,1
